guid,sentence1,sentence2,score
1,有人在倒立行走,我感到非常惊讶,1
2,今天的天气真好,我想去跑步,1
3,你喜欢吃什么水果,我觉得篮球很好玩,0
4,我喜欢看电影,今晚有个新片上映,1
5,他每天都去健身房,我喜欢吃巧克力,0
6,我在学习Python编程,编程真的很有趣,1
7,你最近在看什么书,我今天去超市了,0
8,我们下个月要去旅行,你准备好了吗,1
9,我很喜欢音乐,最近听到了一首好歌,1
10,你喜欢什么运动,我今天吃了意大利面,0
11,我刚刚买了一辆新车,我很兴奋,1
12,他喜欢游泳,我总是去海边,1
13,我在做饭,今天晚上要吃披萨,1
14,你有空一起去爬山吗,我这周末有点忙,0
15,我正在学习一门新语言,学习总是有趣的,1
16,她喜欢画画,我们一起去看展览吧,1
17,你想看哪部电影,我喜欢听古典音乐,0
18,我在参加一个音乐会,你来吗,1
19,我计划去健身房,最近变得越来越健康,1
20,今天天气真好,我喜欢喝咖啡,0
21,我最近迷上了摄影,你喜欢旅行吗,1
22,他在看书,我在听音乐,0
23,我计划参加马拉松,你有什么健身计划吗,1
24,她今天有点不高兴,我觉得她需要休息,1
25,我爱吃寿司,你喜欢吃快餐吗,0
26,我在准备一个项目,你能帮我吗,1
27,你喜欢冬天的雪吗,我不喜欢寒冷的天气,0
28,我最近在学习瑜伽,感觉身体变得柔软了,1
29,我们去野餐吧,我准备了很多食物,1
30,他在打游戏,我去跑步,0
31,我在看一个新的电视剧,你有推荐吗,1
32,她的生日快到了,我们准备了一个惊喜,1
33,你喜欢喝茶吗,我喜欢运动,0
34,我在做手工艺,很放松,1
35,我们下个月要去参加婚礼,你准备好了吗,1
36,我刚买了一些新书,你也喜欢阅读吗,1
37,我喜欢烹饪,尤其是尝试新菜谱,1
38,他在参加音乐节,我更喜欢安静的地方,0
39,我爱摄影,最近拍了很多照片,1
40,你觉得哪个季节最好,我只喜欢夏天,0
41,我在学习新的编程语言,感觉很有挑战,1
42,你最近有看什么电影吗,我只是在看剧,0
43,我爱运动,希望能保持健康,1
44,我计划去参加绘画课程,你有没有兴趣,1
45,她总是很忙,我想她需要休息,1
46,你喜欢哪种音乐,我喜欢运动和旅行,0
47,我喜欢下棋,每个周末都会玩,1
48,我们去游乐园玩吧,我觉得很有趣,1
49,我在看新的科技新闻,你对科技感兴趣吗,1
50,我喜欢独处,享受自己的时间,0
51,我喜欢收集邮票,这是我的爱好,1
52,他在做实验,我今天没去学校,0
53,我想学习烘焙,你有兴趣吗,1
54,我最近在读一本小说,故事很吸引人,1
55,你去过哪些地方旅行,我喜欢探索新城市,1
56,我想参加跑步比赛,希望能赢,1
57,他喜欢篮球,我更喜欢足球,0
58,我在学习新的舞蹈,觉得很有趣,1
59,你喜欢什么类型的书,我比较喜欢历史书,0
60,我在做一个艺术项目,你能帮我吗,1
61,我喜欢动物,尤其是狗和猫,1
62,他在外面跑步,我在家休息,0
63,我想学习新的乐器,你有什么建议,1
64,我最近在看纪录片,学到了很多知识,1
65,你觉得怎样的天气最舒服,我只喜欢晴天,0
66,我在学习新的技能,希望能提升自己,1
67,她在做瑜伽,我也想试试,1
68,你喜欢逛博物馆吗,我更喜欢购物,0
69,我最近在写日记,记录生活点滴,1
70,我爱旅行,拍摄风景照是我的爱好,1
71,他在参加辩论赛,我只想看电影,0
72,我在学习烹饪新菜,希望能做好吃的,1
73,你有听过这个歌手吗,我只听流行音乐,0
74,我爱跑步,每天都在锻炼,1
75,我喜欢参加聚会,认识新朋友很有趣,1
76,他在练习吉他,我想学唱歌,0
77,我最近在看一些美食视频,想尝试新食谱,1
78,你觉得哪个地方最美,我喜欢城市的繁华,0
79,我想学习陶艺,制作自己的作品,1
80,我喜欢写作,每天都写点东西,1
81,你最近有去健身房吗,我更喜欢户外运动,0
82,我在学习新的编程技巧,觉得很有挑战性,1
83,她喜欢唱歌,我们可以一起练习,1
84,你有看过那部电影吗,我觉得挺无聊的,0
85,我爱参加志愿者活动,帮助别人很快乐,1
86,我最近在做一些手工艺品,感觉很放松,1
87,你喜欢喝什么饮料,我更喜欢咖啡,0
88,我在尝试新的运动,希望能找到喜欢的,1
89,我喜欢参加音乐会,听现场表演很棒,1
90,你有学过任何语言吗,我只会中文,0
91,我在研究历史,对古代文化感兴趣,1
92,我最近迷上了摄影,你喜欢旅行吗,1
93,他在看书,我在听音乐,0
94,我计划参加马拉松,你有什么健身计划吗,1
95,她今天有点不高兴,我觉得她需要休息,1
96,我爱吃寿司,你喜欢吃快餐吗,0
97,我在准备一个项目,你能帮我吗,1
98,你喜欢冬天的雪吗,我不喜欢寒冷的天气,0
99,我最近在学习瑜伽,感觉身体变得柔软了,1
100,我们去野餐吧,我准备了很多食物,1
101,他在打游戏,我去跑步,0
102,我在看一个新的电视剧,你有推荐吗,1
103,她的生日快到了,我们准备了一个惊喜,1
104,你喜欢喝茶吗,我喜欢运动,0
105,我在做手工艺,很放松,1
106,我们下个月要去参加婚礼,你准备好了吗,1
107,我刚买了一些新书,你也喜欢阅读吗,1
108,我喜欢烹饪,尤其是尝试新菜谱,1
109,他在参加音乐节,我更喜欢安静的地方,0
110,我爱摄影,最近拍了很多照片,1
111,你觉得哪个季节最好,我只喜欢夏天,0
112,我在学习新的编程语言,感觉很有挑战,1
113,你最近有看什么电影吗,我只是在看剧,0
114,我爱运动,希望能保持健康,1
115,我计划去参加绘画课程,你有没有兴趣,1
116,她总是很忙,我想她需要休息,1
117,你喜欢哪种音乐,我喜欢运动和旅行,0
118,我喜欢下棋,每个周末都会玩,1
119,我们去游乐园玩吧,我觉得很有趣,1
120,我在看新的科技新闻,你对科技感兴趣吗,1
121,我喜欢独处,享受自己的时间,0
122,我喜欢收集邮票,这是我的爱好,1
123,他在做实验,我今天没去学校,0
124,我想学习烘焙,你有兴趣吗,1
125,我最近在读一本小说,故事很吸引人,1
126,你去过哪些地方旅行,我喜欢探索新城市,1
127,我想参加跑步比赛,希望能赢,1
128,他喜欢篮球,我更喜欢足球,0
129,我在学习新的舞蹈,觉得很有趣,1
130,你喜欢什么类型的书,我比较喜欢历史书,0
131,我在做一个艺术项目,你能帮我吗,1
132,我喜欢动物,尤其是狗和猫,1
133,他在外面跑步,我在家休息,0
134,我想学习新的乐器,你有什么建议,1
135,我最近在看纪录片,学到了很多知识,1
136,你觉得怎样的天气最舒服,我只喜欢晴天,0
137,我在学习新的技能,希望能提升自己,1
138,她在做瑜伽,我也想试试,1
139,你喜欢逛博物馆吗,我更喜欢购物,0
140,我最近在写日记,记录生活点滴,1
141,我爱旅行,拍摄风景照是我的爱好,1
142,他在参加辩论赛,我只想看电影,0
143,我在学习烹饪新菜,希望能做好吃的,1
144,你有听过这个歌手吗,我只听流行音乐,0
145,我爱跑步,每天都在锻炼,1
146,我喜欢参加聚会,认识新朋友很有趣,1
147,他在练习吉他,我想学唱歌,0
148,我最近在看一些美食视频,想尝试新食谱,1
149,你觉得哪个地方最美,我喜欢城市的繁华,0
150,我想学习陶艺,制作自己的作品,1
151,我喜欢写作,每天都写点东西,1
152,你最近有去健身房吗,我更喜欢户外运动,0
153,我在学习新的编程技巧,觉得很有挑战性,1
154,她喜欢唱歌,我们可以一起练习,1
155,你有看过那部电影吗,我觉得挺无聊的,0
156,我爱参加志愿者活动,帮助别人很快乐,1
157,我最近在做一些手工艺品,感觉很放松,1
158,你喜欢喝什么饮料,我更喜欢咖啡,0
159,我在尝试新的运动,希望能找到喜欢的,1
160,我喜欢参加音乐会,听现场表演很棒,1
161,你有学过任何语言吗,我只会中文,0
162,我在研究历史,对古代文化感兴趣,1
163,我最近在看一本很有趣的书,故事情节很吸引人,1
164,你喜欢喝咖啡还是茶,我更喜欢果汁,0
165,我爱摄影,每个周末都会出去拍照,1
166,他在练习口才,我觉得这很重要,1
167,我想参加一个编程比赛,希望能获奖,1
168,你喜欢什么类型的电影,我比较喜欢喜剧,0
169,我在学习如何做饭,想做给家人吃,1
170,她每天都在健身,我觉得很励志,1
171,我喜欢探索新地方,每次旅行都很兴奋,1
172,你有去过哪些国家,我只去过几个地方,0
173,我最近在学习新的舞蹈,感觉很开心,1
174,我们去参加派对吧,我觉得会很有趣,1
175,你喜欢动物吗,我更喜欢猫,0
176,我在写作业,希望能提前完成,1
177,他在练习游泳,准备参加比赛,1
178,我爱吃意大利面,每次都想尝试不同口味,1
179,你觉得旅行最重要的是什么,我觉得是放松心情,0
180,我在学习画画,希望能提升技巧,1
181,她在弹钢琴,我想和她一起演奏,1
182,你有参加过马拉松吗,我觉得太累了,0
183,我最近在做手工,感觉很放松,1
184,我喜欢参加读书会,讨论书籍很有趣,1
185,你喜欢什么样的运动,我偏爱游泳,0
186,我在准备一次演讲,希望能表现好,1
187,他总是很幽默,我喜欢和他在一起,1
188,我在尝试新的饮食,希望能变得更健康,1
189,你喜欢哪些季节,我最喜欢春天,0
190,我最近在学习新的语言,希望能流利交流,1
191,我们下周去看电影吧,我觉得很不错,1
192,你喜欢什么类型的音乐,我更喜欢摇滚乐,0
193,我在学习新的科技知识,感觉很有趣,1
194,她在参加演讲比赛,我很佩服她的勇气,1
195,你有喜欢的运动员吗,我不太关注运动,0
196,我最近在做健身计划,希望能看到效果,1
197,我爱喝咖啡,每天都要喝一杯,1
198,你觉得哪个城市最美,我觉得我的家乡最好,0
199,我在学习新的绘画技巧,想提高自己的水平,1
200,她总是很忙,我想邀请她一起出去玩,1
201,我喜欢冬天的雪景,尤其是滑雪,1
202,你最近有看什么电视剧吗,我只看电影,0
203,我在尝试新的食谱,希望能给家人做一顿好饭,1
204,他在做志愿者,我觉得很有意义,1
205,我爱去博物馆,喜欢历史和文化,1
206,你喜欢参加什么活动,我更喜欢安静的环境,0
207,我最近在学习插花,觉得很有趣,1
208,她在参加舞蹈比赛,我觉得她很有才华,1
209,你觉得旅行的意义是什么,我觉得是开阔眼界,0
210,我在看一些科技类书籍,希望能学到新知识,1
211,我想去参加一个摄影比赛,展现自己的作品,1
212,你喜欢喝哪些饮料,我喜欢奶茶,0
213,我在学习新的运动,希望能找到合适的,1
214,他在准备期末考试,我觉得很重要,1
215,我最近迷上了日剧,觉得剧情很吸引人,1
216,你有看过哪个纪录片,我觉得很有启发,0
217,我在写小说,希望能完成我的故事,1
218,我喜欢参加各类活动,结识新朋友很有趣,1
219,你觉得哪个地方最值得去,我觉得每个地方都有独特之处,0
220,我在学习新的技能,希望能提升自己,1
221,她在做瑜伽,我觉得很放松,1
222,你最近有什么计划吗,我只想待在家,0
223,我想学习新乐器,尝试更多音乐风格,1
224,我最近在看一些美食节目,想学做菜,1
225,你觉得工作最重要的是什么,我觉得是团队合作,0
226,我在参加一个写作比赛,希望能获奖,1
227,我喜欢骑自行车,每天都骑,1
228,你有喜欢的运动吗,我只喜欢看比赛,0
229,我最近在学习如何画漫画,很有趣,1
230,我们去参加音乐会吧,我觉得很不错,1
231,你喜欢户外活动吗,我更喜欢待在室内,0
232,我在学习新的编程语言,希望能用上,1
233,他在参加棋类比赛,我觉得很有趣,1
234,我想尝试新的运动项目,希望能找到兴趣,1
235,你觉得哪个季节最美,我觉得秋天最好,0
236,我最近在学英语,希望能流利交流,1
237,我喜欢参加科技展览,了解新技术,1
238,你最近在忙什么,我只是在放松,0
239,我在尝试新的健康饮食,希望能改善身体,1
240,我爱去咖啡馆,享受安静的时光,1
241,你有喜欢的电视节目吗,我比较喜欢综艺,0
242,我最近在学习插画,希望能有自己的风格,1
243,她在参加演讲训练,我觉得很有帮助,1
244,你觉得教育最重要的是什么,我认为是启发思维,0
245,我在做一些手工艺品,希望能送给朋友,1
246,我喜欢参加各种活动,认识不同的人,1
247,你觉得旅行和学习哪个更重要,我觉得两者都很重要,0
248,我最近在学编程,希望能做出自己的项目,1
249,我在参加一个阅读俱乐部,讨论书籍很有趣,1
250,你有参加过什么比赛吗,我比较少参加,0
251,我最近在参加写作班,希望能提高写作技巧,1
252,你喜欢喝什么酒,我不太喝酒,0
253,我在学习新的编程技巧,希望能做出有趣的项目,1
254,他总是很乐观,我觉得他的态度很好,1
255,我爱去美术馆,欣赏各种艺术作品,1
256,你觉得哪个电影最好看,我最喜欢科幻片,0
257,我在练习吉他,希望能弹得更好,1
258,你有去过哪个音乐节吗,我觉得很有意思,0
259,我想学习茶艺,品味不同的茶,1
260,我在参加一个摄影工作坊,希望能提高技能,1
261,你喜欢哪些运动项目,我比较喜欢团队运动,0
262,我最近在尝试新的饮食习惯,感觉很不错,1
263,我爱去旅行,体验不同的文化,1
264,你有喜欢的作家吗,我比较喜欢小说,0
265,我在学习如何做陶艺,希望能制作自己的作品,1
266,她在准备期末考试,我觉得很重要,1
267,你觉得春天最美的是什么,我觉得花开最美,0
268,我最近在读一些心理学书籍,感觉很有启发,1
269,我喜欢参加各类志愿者活动,帮助别人很快乐,1
270,你有学过乐器吗,我只会简单的钢琴,0
271,我在参加一次跑步比赛,希望能取得好成绩,1
272,他在学习新的舞蹈,我觉得很有趣,1
273,你喜欢什么类型的美食,我喜欢海鲜,0
274,我最近在看一些科幻小说,觉得很吸引人,1
275,我想学习如何养花,让家里更美丽,1
276,你觉得写作最重要的是什么,我认为是表达思想,0
277,我在尝试新的健身计划,希望能看到效果,1
278,我喜欢去公园散步,享受大自然,1
279,你最近有什么特别的活动,我只是在家休息,0
280,我在学习新的技能,希望能增加自己的竞争力,1
281,她在参加游泳比赛,我觉得她很有实力,1
282,你有喜欢的运动队吗,我不太关注体育,0
283,我最近在学烹饪,尝试做不同的菜,1
284,我爱去海边,享受阳光和沙滩,1
285,你喜欢看什么类型的电视剧,我喜欢悬疑剧,0
286,我在研究历史,对古代文化很感兴趣,1
287,我想学习摄影,记录生活中的美好时刻,1
288,你觉得学习最重要的是什么,我觉得是积累经验,0
289,我在参加一次书展,希望能找到好书,1
290,我喜欢喝果汁,特别是橙汁,1
291,你有参加过什么活动吗,我不太参加,0
292,我在学习新的手工艺,希望能制作出好的作品,1
293,他在练习演讲,我觉得很有挑战,1
294,你喜欢什么风格的音乐,我更喜欢民谣,0
295,我最近在看一些励志书籍,很受启发,1
296,我在做一个科学项目,希望能取得好成绩,1
297,你觉得人际关系重要吗,我认为非常重要,0
298,我在参加一个马拉松训练营,希望能提升能力,1
299,我爱喝茶,每天都要喝一杯,1
300,你觉得哪个城市最好玩,我觉得每个地方都有其独特之处,0
301,我在学习新的编程语言,希望能用在工作中,1
302,他在参加钢琴比赛,我觉得很有潜力,1
303,你有喜欢的运动员吗,我不太关注,0
304,我最近在看一些关于心理学的书,很有趣,1
305,我在学习插花,希望能提高我的艺术修养,1
306,你觉得旅行能带来什么,我觉得能拓宽视野,0
307,我在参加一个读书会,希望能与大家分享我的观点,1
308,我喜欢去参加艺术展览,欣赏不同的作品,1
309,你有喜欢的美食吗,我特别喜欢甜点,0
310,我在练习瑜伽,希望能增强我的柔韧性,1
311,我爱摄影,希望能拍出美丽的照片,1
312,你觉得最好的学习方式是什么,我认为是实践,0
313,我在参加一个音乐培训班,希望能提高演奏技巧,1
314,我最近在学习如何绘画,希望能表达我的想法,1
315,你有参加过哪些活动吗,我只参加过一次,0
316,我在准备一次重要的演讲,希望能表现出色,1
317,我喜欢去咖啡店,享受安静的时光,1
318,你觉得哪种运动最有趣,我觉得游泳很不错,0
319,我在学习新的乐器,希望能和朋友一起演奏,1
320,她在参加一个艺术比赛,我觉得她很有才华,1
321,你最近在做什么,我只是在放松,0
322,我在尝试新的饮食,希望能改善健康,1
323,我爱旅行,喜欢探索不同的文化,1
324,你喜欢什么类型的书籍,我喜欢科幻小说,0
325,我在学习如何做饭,希望能为家人准备美味的食物,1
326,我在参加一个摄影比赛,希望能展示我的作品,1
327,你觉得运动最重要的是什么,我认为是坚持,0
328,我在尝试新的运动项目,希望能找到我的兴趣,1
329,我喜欢去书店,发现新书总是令人兴奋,1
330,你有特别喜欢的明星吗,我不太关注娱乐圈,0
331,我在学习新的手工艺,希望能提高我的动手能力,1
332,她在参加一次演讲比赛,我觉得她很勇敢,1
333,你觉得做什么工作最快乐,我认为是与人交流,0
334,我在学习新的技能,希望能在职场上脱颖而出,1
335,我爱去音乐节,享受现场表演的氛围,1
336,你最近有参加什么活动吗,我没有特别的安排,0
337,我在准备一个科学项目,希望能取得好成绩,1
338,我喜欢去博物馆,欣赏历史和艺术,1
339,你觉得工作和生活的平衡重要吗,我认为很重要,0
340,我在参加一个写作培训班,希望能提高我的写作能力,1
341,我爱喝咖啡,每天都要喝一杯,1
342,你有参加过哪些比赛吗,我比较少参加,0
343,我在学习新的语言,希望能流利交流,1
344,他在练习跑步,我觉得很不错,1
345,你喜欢什么样的音乐风格,我比较喜欢流行音乐,0
346,我最近在看一些关于个人成长的书,很有启发,1
347,我在参加一个编程比赛,希望能展示我的能力,1
348,你觉得旅行能带来什么改变,我觉得能拓宽眼界,0
349,我在学习如何制作甜点,希望能做出美味的食物,1
350,我爱去公园散步,享受自然的美好,1
351,我最近在学习如何做咖啡,希望能泡出好喝的,1
352,你喜欢去哪个地方旅行,我觉得每个地方都有自己的魅力,0
353,我在参加一个绘画工作坊,希望能提高我的艺术技巧,1
354,他在学习如何打鼓,我觉得很有趣,1
355,我爱逛书店,总能发现新书,1
356,你觉得生活中最重要的是什么,我认为是健康,0
357,我在尝试新的运动,希望能找到我的兴趣所在,1
358,我喜欢去电影院看电影,享受大屏幕的效果,1
359,你有听过那首新歌吗,我觉得还不错,0
360,我在学习新的手工艺技巧,希望能制作出漂亮的作品,1
361,我最近在读一本关于心理学的书,感觉很有启发,1
362,你觉得运动对身体健康重要吗,我认为非常重要,0
363,我在参加一个志愿者项目,希望能帮助更多人,1
364,我喜欢喝饮料,特别是冰饮,1
365,你有学过舞蹈吗,我只会简单的舞步,0
366,我在学习新的编程语言,希望能用到实际工作中,1
367,她在参加一次音乐比赛,我觉得她很有才华,1
368,你最近有看过什么书吗,我只在看电子书,0
369,我在尝试新的饮食方式,希望能更健康,1
370,我爱去茶馆,品尝各种茶,1
371,你觉得社交活动重要吗,我觉得对人际关系有帮助,0
372,我在参加一个创意写作班,希望能提升我的写作水平,1
373,我最近在学如何做寿司,觉得很有趣,1
374,你有参加过哪些展览吗,我只去过一次,0
375,我在学习新的技能,希望能为职业发展打下基础,1
376,我喜欢参加各类比赛,挑战自己很有趣,1
377,你觉得旅行的意义是什么,我觉得是增长见识,0
378,我在准备一次演讲,希望能说得流畅,1
379,我最近在看一些关于科技的纪录片,很受启发,1
380,你有喜欢的博物馆吗,我特别喜欢自然历史博物馆,0
381,我在学习如何制作糕点,希望能做出好吃的,1
382,我爱去健身房,保持身体健康,1
383,你觉得学习新的技能难吗,我认为需要耐心,0
384,我在参加一个艺术课程,希望能提高我的艺术感觉,1
385,我喜欢骑自行车,享受骑行的乐趣,1
386,你有喜欢的剧集吗,我喜欢喜剧类型,0
387,我在学习新的外语,希望能流利对话,1
388,他在准备一次重要的比赛,我觉得很有挑战,1
389,你最近有什么兴趣爱好,我没有特别的爱好,0
390,我在参加一个科学俱乐部,希望能了解更多知识,1
391,我爱喝鲜榨果汁,感觉很健康,1
392,你有参加过什么活动吗,我比较少参加,0
393,我在学习如何画水彩,希望能表达我的想法,1
394,她在参加一次书法比赛,我觉得她很有才华,1
395,你觉得成功的关键是什么,我认为是坚持不懈,0
396,我在尝试新的运动项目,希望能锻炼身体,1
397,我喜欢去剧院看话剧,享受现场表演的氛围,1
398,你有看过哪些经典电影吗,我比较喜欢老电影,0
399,我在学习如何编程,希望能做出自己的项目,1
400,我在参加一次摄影展,希望能与大家分享我的作品,1
401,你觉得美术重要吗,我认为是文化的一部分,0
402,我在学习如何做陶器,希望能制作出独特的作品,1
403,我爱去旅行,喜欢体验新的文化,1
404,你最近有看过什么纪录片,我觉得很有意思,0
405,我在准备一次科学展览,希望能取得好成绩,1
406,我喜欢参加各类活动,拓宽视野很有趣,1
407,你有喜欢的作家吗,我特别喜欢科幻类作家,0
408,我在学习新的手工艺,希望能制作出有趣的作品,1
409,她在参加一次摄影比赛,我觉得她的作品很棒,1
410,你觉得团队合作重要吗,我认为非常重要,0
411,我在尝试新的饮食习惯,希望能保持健康,1
412,我爱喝牛奶,每天都要喝,1
413,你有喜欢的饮料吗,我特别喜欢茶,0
414,我在学习如何写程序,希望能提升我的技术水平,1
415,他在参加一次演讲比赛,我觉得他很有潜力,1
416,你最近有什么兴趣,我只是在家放松,0
417,我在参加一个文化交流活动,希望能了解不同文化,1
418,我喜欢去公园跑步,享受运动的乐趣,1
419,你觉得最好的学习方法是什么,我认为是实践,0
420,我在学习新的乐器,希望能和朋友一起演奏,1
421,她在参加一次舞蹈比赛,我觉得她很努力,1
422,你有喜欢的运动员吗,我不太关注体育,0
423,我最近在读一本关于历史的书,感觉很有趣,1
424,我在学习新的绘画技巧,希望能提高我的艺术水平,1
425,你觉得社交活动能带来什么,我认为能增进友谊,0
426,我在参加一次写作比赛,希望能展现我的才华,1
427,我喜欢喝酸奶,感觉很健康,1
428,你有参加过什么课程吗,我只参加过一次,0
429,我在尝试新的运动,希望能锻炼身体,1
430,我爱去茶馆,享受安静的时光,1
431,你最近有什么计划,我没有特别的安排,0
432,我在学习如何做甜点,希望能给朋友分享美食,1
433,他在准备一次重要的比赛,我觉得很有挑战,1
434,你觉得学习的最重要的是什么,我认为是积累经验,0
435,我在参加一个摄影工作坊,希望能提高我的技能,1
436,我喜欢去博物馆,欣赏历史和艺术,1
437,你最近有什么新的兴趣爱好,我没有特别的爱好,0
438,我在学习如何养花,希望能让家里更美丽,1
439,我爱喝果汁,特别是橙汁,1
440,你觉得运动对身体的重要性如何,我认为非常重要,0
441,我在参加一次志愿者活动,希望能帮助别人,1
442,我最近在学习新的编程语言,希望能用到工作中,1
443,她在参加一次演讲训练,我觉得她很勇敢,1
444,你喜欢什么样的音乐风格,我比较喜欢电子音乐,0
445,我在学习新的技能,希望能为未来打下基础,1
446,我爱去健身房,保持身体健康,1
447,你觉得社交活动对工作重要吗,我认为很重要,0
448,我在参加一个艺术课程,希望能提高我的艺术感觉,1
449,我喜欢骑自行车,享受骑行的乐趣,1
450,你有喜欢的剧集吗,我喜欢犯罪悬疑类,0
451,我在学习新的外语,希望能流利对话,1
452,他在准备一次重要的比赛,我觉得很有挑战,1
453,你最近有什么兴趣爱好,我没有特别的爱好,0
454,我在参加一个科学俱乐部,希望能了解更多知识,1
455,我爱喝鲜榨果汁,感觉很健康,1
456,你有参加过什么活动吗,我比较少参加,0
457,我在学习如何画水彩,希望能表达我的想法,1
458,她在参加一次书法比赛,我觉得她很有才华,1
459,你觉得成功的关键是什么,我认为是坚持不懈,0
460,我在尝试新的运动项目,希望能锻炼身体,1
461,我喜欢去剧院看话剧,享受现场表演的氛围,1
462,你有看过哪些经典电影吗,我比较喜欢老电影,0
463,我在学习如何编程,希望能做出自己的项目,1
464,我在参加一次摄影展,希望能与大家分享我的作品,1
465,你觉得美术重要吗,我认为是文化的一部分,0
466,我在学习如何做陶器,希望能制作出独特的作品,1
467,我爱去旅行,喜欢体验新的文化,1
468,你最近有看过什么纪录片,我觉得很有意思,0
469,我在准备一次科学展览,希望能取得好成绩,1
470,我喜欢参加各类活动,拓宽视野很有趣,1
471,你有喜欢的作家吗,我特别喜欢科幻类作家,0
472,我在学习新的手工艺,希望能制作出有趣的作品,1
473,她在参加一次摄影比赛,我觉得她的作品很棒,1
474,你觉得团队合作重要吗,我认为非常重要,0
475,我在尝试新的饮食习惯,希望能保持健康,1
476,我爱喝牛奶,每天都要喝,1
477,你有喜欢的饮料吗,我特别喜欢茶,0
478,我在学习如何写程序,希望能提升我的技术水平,1
479,他在参加一次演讲比赛,我觉得他很有潜力,1
480,你最近有什么兴趣,我只是在家放松,0
481,我在参加一个文化交流活动,希望能了解不同文化,1
482,我喜欢去公园跑步,享受运动的乐趣,1
483,你觉得最好的学习方法是什么,我认为是实践,0
484,我在学习新的乐器,希望能和朋友一起演奏,1
485,她在参加一次舞蹈比赛,我觉得她很努力,1
486,你有喜欢的运动员吗,我不太关注体育,0
487,我最近在读一本关于历史的书,感觉很有趣,1
488,我在学习新的绘画技巧,希望能提高我的艺术水平,1
489,你觉得社交活动能带来什么,我认为能增进友谊,0
490,我在参加一次写作比赛,希望能展现我的才华,1
491,我喜欢喝酸奶,感觉很健康,1
492,你有参加过什么课程吗,我只参加过一次,0
493,我在尝试新的运动,希望能锻炼身体,1
494,我爱去茶馆,享受安静的时光,1
495,你最近有什么计划,我没有特别的安排,0
496,我在学习如何做甜点,希望能给朋友分享美食,1
497,他在准备一次重要的比赛,我觉得很有挑战,1
498,你觉得学习的最重要的是什么,我认为是积累经验,0
499,我在参加一个摄影工作坊,希望能提高我的技能,1
500,我喜欢去博物馆,欣赏历史和艺术,1
501,我最近在学习如何做饭,希望能为家人准备美味的饭菜,1
502,你喜欢什么类型的音乐,我比较喜欢摇滚乐,0
503,我在参加一个艺术展,希望能欣赏到优秀的作品,1
504,他在学习新的舞蹈风格,我觉得很有挑战性,1
505,我爱去健身房锻炼,保持身体健康很重要,1
506,你觉得什么样的电影最好看,我觉得科幻片很精彩,0
507,我在尝试新的饮食习惯,希望能改善我的健康,1
508,我最近在读一本关于经济的书,觉得很有趣,1
509,你有参加过什么志愿活动吗,我曾经参加过几次,0
510,我在学习如何做面包,希望能掌握更多技巧,1
511,我喜欢去咖啡馆,享受安静的时光,1
512,你觉得旅行能带来什么,我认为能开阔视野,0
513,我在参加一次马拉松比赛,希望能挑战自己,1
514,我爱看书,特别是历史类书籍,1
515,你有喜欢的博物馆吗,我最喜欢自然历史博物馆,0
516,我在学习新的编程语言,希望能用在项目中,1
517,她在准备一次重要的演讲,我觉得她很有勇气,1
518,你最近有什么特别的计划,我没有什么安排,0
519,我在参加一个创意写作班,希望能提升我的写作能力,1
520,我喜欢跑步,每天都要锻炼,1
521,你觉得学习新技能难吗,我认为只要有兴趣就不难,0
522,我在尝试新的运动项目,希望能找到适合我的,1
523,我最近在学摄影,希望能拍出美丽的照片,1
524,你有参加过什么比赛吗,我只参加过一次,0
525,我在学习如何养花,希望能让家里更美丽,1
526,我爱喝茶,特别是绿茶,1
527,你有特别喜欢的食物吗,我非常喜欢意大利面,0
528,我在参加一次科学展览,希望能取得好成绩,1
529,他在学习吉他,我觉得很有才华,1
530,你觉得运动的重要性如何,我认为非常重要,0
531,我在参加一个文化交流活动,希望能了解不同文化,1
532,我喜欢去书店,发现新书总是令人兴奋,1
533,你有喜欢的运动吗,我喜欢游泳,0
534,我在学习如何画画,希望能提升我的艺术水平,1
535,她在参加一次音乐比赛,我觉得她的声音很好,1
536,你最近有看过什么电影吗,我只看了老电影,0
537,我在尝试新的手工艺,希望能制作出漂亮的作品,1
538,我爱去海边,享受阳光和沙滩,1
539,你觉得生活中最重要的是什么,我认为是家庭,0
540,我在参加一个马拉松训练营,希望能提升我的耐力,1
541,我喜欢喝果汁,特别是橙汁,1
542,你有听过那首新歌吗,我觉得很不错,0
543,我在学习新的外语,希望能流利交流,1
544,他在准备一次演讲,我觉得很有挑战,1
545,你最近有什么兴趣爱好,我没有特别的爱好,0
546,我在参加一个科学项目,希望能取得好成果,1
547,我爱看纪录片,觉得很有教育意义,1
548,你觉得团队合作重要吗,我认为非常重要,0
549,我在学习如何做甜点,希望能给朋友分享美味,1
550,我喜欢去公园散步,享受自然的宁静,1
551,你有参加过什么活动吗,我比较少参加,0
552,我在学习新的舞蹈,希望能提升我的舞技,1
553,她在参加一次艺术比赛,我觉得她很有创意,1
554,你觉得写作的重要性是什么,我认为是表达思想,0
555,我在参加一个编程课程,希望能提升我的技能,1
556,我爱去博物馆,欣赏历史和艺术,1
557,你有喜欢的作家吗,我特别喜欢科幻作家,0
558,我在学习新的技能,希望能增加自己的竞争力,1
559,我最近在读一本小说,觉得故事很吸引人,1
560,你觉得社交活动能带来什么,我认为能增进友谊,0
561,我在参加一个文化活动,希望能了解更多传统,1
562,我喜欢骑自行车,享受骑行的乐趣,1
563,你有喜欢的运动队吗,我不太关注体育,0
564,我在学习如何做陶器,希望能制作出独特的作品,1
565,她在参加一次演讲训练,我觉得她很努力,1
566,你最近有什么新的兴趣,我只是在家休息,0
567,我在参加一个摄影比赛,希望能展示我的作品,1
568,我爱喝牛奶,每天都要喝,1
569,你觉得美术对孩子的重要性是什么,我认为很有益,0
570,我在尝试新的饮食,希望能改善我的生活质量,1
571,我喜欢参加各类志愿活动,帮助别人让我很快乐,1
572,你最近有看过什么书吗,我只在读电子书,0
573,我在学习如何写作,希望能提升我的文笔,1
574,他在参加一次音乐培训,我觉得他很有潜力,1
575,你觉得成功的关键是什么,我认为是努力和坚持,0
576,我在参加一个科学展览,希望能和大家分享我的成果,1
577,我喜欢去健身房,锻炼身体很重要,1
578,你有听过哪个新歌吗,我觉得旋律很好,0
579,我在学习新的乐器,希望能和朋友一起演奏,1
580,她在参加一次舞蹈表演,我觉得她很有魅力,1
581,你觉得学习的最有效方法是什么,我认为是多练习,0
582,我在尝试新的运动项目,希望能锻炼身体,1
583,我爱去音乐会,享受现场的氛围,1
584,你最近有什么兴趣爱好,我没有特别的安排,0
585,我在参加一个写作班,希望能提升我的写作技巧,1
586,我喜欢喝咖啡,每天都要喝,1
587,你有参加过什么比赛吗,我只参加过一次,0
588,我在学习如何做手工艺品,希望能制作出有趣的作品,1
589,他在参加一次科学比赛,我觉得他很有才华,1
590,你觉得团队合作的重要性是什么,我认为是相互支持,0
591,我在尝试新的健身计划,希望能看到效果,1
592,我爱去公园散步,享受大自然的美好,1
593,你有特别喜欢的电影吗,我特别喜欢纪录片,0
594,我在学习新的编程技巧,希望能用在项目中,1
595,她在参加一次演讲比赛,我觉得她很勇敢,1
596,你觉得成功最重要的是什么,我认为是不断学习,0
597,我在参加一个艺术课程,希望能提高我的艺术感觉,1
598,我喜欢去书店,总能发现新书,1
599,你有特别喜欢的食物吗,我非常喜欢中餐,0
600,我在学习新的语言,希望能流利交流,1
601,我在参加一次马拉松比赛,希望能完成挑战,1
602,你觉得旅行能带来什么,我认为能开阔视野,0
603,我在尝试新的运动,希望能找到我的兴趣,1
604,我爱喝茶,尤其是红茶,1
605,你有听过哪个新歌吗,我觉得旋律很好,0
606,我在学习如何烹饪,希望能为家人做出美食,1
607,他在参加一次演讲训练,我觉得他很有潜力,1
608,你最近有什么特别的计划,我没有什么安排,0
609,我在参加一个科学展览,希望能展示我的成果,1
610,我喜欢跑步,每天都要锻炼,1
611,你觉得学习新技能难吗,我认为只要有兴趣就不难,0
612,我在尝试新的手工艺,希望能制作出美丽的作品,1
613,我爱去健身房,保持身体健康很重要,1
614,你有喜欢的博物馆吗,我最喜欢现代艺术博物馆,0
615,我在学习如何制作糕点,希望能掌握更多技巧,1
616,她在参加一次音乐比赛,我觉得她的声音很好,1
617,你最近有什么兴趣爱好,我没有特别的爱好,0
618,我在参加一个创意写作班,希望能提高我的写作能力,1
619,我喜欢去海边,享受阳光和沙滩,1
620,你觉得生活中最重要的是什么,我认为是家庭,0
621,我在参加一次马拉松训练营,希望能提升我的耐力,1
622,我爱喝果汁,特别是苹果汁,1
623,你有参加过什么志愿活动吗,我曾经参加过几次,0
624,我在学习如何做面包,希望能掌握更多技巧,1
625,我喜欢去咖啡馆,享受安静的时光,1
626,你觉得旅行能带来什么,我认为能开阔视野,0
627,我在参加一次马拉松比赛,希望能挑战自己,1
628,我爱看书,特别是历史类书籍,1
629,你有喜欢的博物馆吗,我最喜欢自然历史博物馆,0
630,我在学习新的编程语言,希望能用在项目中,1
631,她在准备一次重要的演讲,我觉得她很有勇气,1
632,你最近有什么特别的计划,我没有什么安排,0
633,我在参加一个创意写作班,希望能提升我的写作能力,1
634,我喜欢跑步,每天都要锻炼,1
635,你觉得学习新技能难吗,我认为只要有兴趣就不难,0
636,我在尝试新的运动项目,希望能找到适合我的,1
637,我最近在学摄影,希望能拍出美丽的照片,1
638,你有参加过什么比赛吗,我只参加过一次,0
639,我在学习如何养花,希望能让家里更美丽,1
640,我爱喝茶,特别是绿茶,1
641,你有特别喜欢的食物吗,我非常喜欢意大利面,0
642,我在参加一次科学展览,希望能取得好成绩,1
643,他在学习吉他,我觉得很有才华,1
644,你觉得运动的重要性如何,我认为非常重要,0
645,我在参加一个文化交流活动,希望能了解不同文化,1
646,我喜欢去书店,发现新书总是令人兴奋,1
647,你有喜欢的运动吗,我喜欢游泳,0
648,我在学习如何画画,希望能提升我的艺术水平,1
649,她在参加一次音乐比赛,我觉得她的声音很好,1
650,你最近有看过什么电影吗,我只看了老电影,0
651,我在尝试新的手工艺,希望能制作出漂亮的作品,1
652,我爱去海边,享受阳光和沙滩,1
653,你觉得生活中最重要的是什么,我认为是家庭,0
654,我在参加一个马拉松训练营,希望能提升我的耐力,1
655,我喜欢喝果汁,特别是橙汁,1
656,你有听过那首新歌吗,我觉得很不错,0
657,我在学习新的外语,希望能流利交流,1
658,他在准备一次演讲,我觉得很有挑战,1
659,你最近有什么兴趣爱好,我没有特别的爱好,0
660,我在参加一个科学项目,希望能取得好成果,1
661,我爱看纪录片,觉得很有教育意义,1
662,你觉得团队合作重要吗,我认为非常重要,0
663,我在学习如何做甜点,希望能给朋友分享美味,1
664,我喜欢去公园散步,享受自然的宁静,1
665,你有参加过什么活动吗,我比较少参加,0
666,我在学习新的舞蹈,希望能提升我的舞技,1
667,她在参加一次艺术比赛,我觉得她很有创意,1
668,你觉得写作的重要性是什么,我认为是表达思想,0
669,我在参加一个编程课程,希望能提升我的技能,1
670,我爱去博物馆,欣赏历史和艺术,1
671,你有喜欢的作家吗,我特别喜欢科幻作家,0
672,我在学习新的技能,希望能增加自己的竞争力,1
673,我最近在读一本小说,觉得故事很吸引人,1
674,你觉得社交活动能带来什么,我认为能增进友谊,0
675,我在参加一个文化活动,希望能了解更多传统,1
676,我喜欢骑自行车,享受骑行的乐趣,1
677,你有喜欢的运动队吗,我不太关注体育,0
678,我在学习如何做陶器,希望能制作出独特的作品,1
679,她在参加一次演讲训练,我觉得她很努力,1
680,你最近有什么新的兴趣,我只是在家休息,0
681,我在参加一个摄影比赛,希望能展示我的作品,1
682,我爱喝牛奶,每天都要喝,1
683,你觉得美术对孩子的重要性是什么,我认为很有益,0
684,我在尝试新的饮食,希望能改善我的生活质量,1
685,我喜欢参加各类志愿活动,帮助别人让我很快乐,1
686,你最近有看过什么书吗,我只在读电子书,0
687,我在学习如何写作,希望能提升我的文笔,1
688,他在参加一次音乐培训,我觉得他很有潜力,1
689,你觉得成功的关键是什么,我认为是努力和坚持,0
690,我在参加一个科学展览,希望能和大家分享我的成果,1
691,我喜欢去健身房,锻炼身体很重要,1
692,你有听过哪个新歌吗,我觉得旋律很好,0
693,我在学习新的乐器,希望能和朋友一起演奏,1
694,她在参加一次舞蹈表演,我觉得她很有魅力,1
695,你觉得学习的最有效方法是什么,我认为是多练习,0
696,我在尝试新的运动项目,希望能锻炼身体,1
697,我爱去音乐会,享受现场的氛围,1
698,你最近有什么兴趣爱好,我没有特别的安排,0
699,我在参加一个写作班,希望能提升我的写作技巧,1
700,我喜欢喝咖啡,每天都要喝,1
701,你有参加过什么比赛吗,我只参加过一次,0
702,我在学习如何做手工艺品,希望能制作出有趣的作品,1
703,他在参加一次科学比赛,我觉得他很有才华,1
704,你觉得团队合作的重要性是什么,我认为是相互支持,0
705,我在尝试新的健身计划,希望能看到效果,1
706,我爱去公园散步,享受大自然的美好,1
707,你有特别喜欢的电影吗,我特别喜欢纪录片,0
708,我在学习新的编程技巧,希望能用在项目中,1
709,她在参加一次演讲比赛,我觉得她很勇敢,1
710,你觉得成功最重要的是什么,我认为是不断学习,0
711,我在参加一个艺术课程,希望能提高我的艺术感觉,1
712,我喜欢去书店,总能发现新书,1
713,你有特别喜欢的食物吗,我非常喜欢中餐,0
714,我在学习新的语言,希望能流利交流,1
715,我在参加一次马拉松比赛,希望能完成挑战,1
716,你觉得旅行能带来什么,我认为能开阔视野,0
717,我在尝试新的运动,希望能找到我的兴趣,1
718,我爱喝茶,尤其是红茶,1
719,你有听过哪个新歌吗,我觉得旋律很好,0
720,我在学习如何烹饪,希望能为家人做出美食,1
721,他在参加一次演讲训练,我觉得他很有潜力,1
722,你最近有什么特别的计划,我没有什么安排,0
723,我在参加一个科学展览,希望能展示我的成果,1
724,我喜欢跑步,每天都要锻炼,1
725,你觉得学习新技能难吗,我认为只要有兴趣就不难,0
726,我在尝试新的手工艺,希望能制作出美丽的作品,1
727,我爱去健身房,保持身体健康很重要,1
728,你有喜欢的博物馆吗,我最喜欢现代艺术博物馆,0
729,我在学习如何制作糕点,希望能掌握更多技巧,1
730,她在参加一次音乐比赛,我觉得她的声音很好,1
731,你最近有什么兴趣爱好,我没有特别的爱好,0
732,我在参加一个创意写作班,希望能提高我的写作能力,1
733,我喜欢去海边,享受阳光和沙滩,1
734,你觉得生活中最重要的是什么,我认为是家庭,0
735,我在参加一次马拉松训练营,希望能提升我的耐力,1
736,我爱喝果汁,特别是苹果汁,1
737,你有参加过什么志愿活动吗,我曾经参加过几次,0
738,我在学习如何做面包,希望能掌握更多技巧,1
739,我喜欢去咖啡馆,享受安静的时光,1
740,你觉得旅行能带来什么,我认为能开阔视野,0
741,我在参加一次马拉松比赛,希望能挑战自己,1
742,我爱看书,特别是历史类书籍,1
743,你有喜欢的博物馆吗,我最喜欢自然历史博物馆,0
744,我在学习新的编程语言,希望能用在项目中,1
745,她在准备一次重要的演讲,我觉得她很有勇气,1
746,你最近有什么特别的计划,我没有什么安排,0
747,我在参加一个创意写作班,希望能提升我的写作能力,1
748,我喜欢跑步,每天都要锻炼,1
749,你觉得学习新技能难吗,我认为只要有兴趣就不难,0
750,我在尝试新的运动项目,希望能找到适合我的,1
751,我最近在学摄影,希望能拍出美丽的照片,1
752,你有参加过什么比赛吗,我只参加过一次,0
753,我在学习如何养花,希望能让家里更美丽,1
754,我爱喝茶,特别是绿茶,1
755,你有特别喜欢的食物吗,我非常喜欢意大利面,0
756,我在参加一次科学展览,希望能取得好成绩,1
757,他在学习吉他,我觉得很有才华,1
758,你觉得运动的重要性如何,我认为非常重要,0
759,我在参加一个文化交流活动,希望能了解不同文化,1
760,我喜欢去书店,发现新书总是令人兴奋,1
761,你有喜欢的运动吗,我喜欢游泳,0
762,我在学习如何画画,希望能提升我的艺术水平,1
763,她在参加一次音乐比赛,我觉得她的声音很好,1
764,你最近有看过什么电影吗,我只看了老电影,0
765,我在尝试新的手工艺,希望能制作出漂亮的作品,1
766,我爱去海边,享受阳光和沙滩,1
767,你觉得生活中最重要的是什么,我认为是家庭,0
768,我在参加一个马拉松训练营,希望能提升我的耐力,1
769,我喜欢喝果汁,特别是橙汁,1
770,你有听过那首新歌吗,我觉得很不错,0
771,我在学习新的外语,希望能流利交流,1
772,他在准备一次演讲,我觉得很有挑战,1
773,你最近有什么兴趣爱好,我没有特别的爱好,0
774,我在参加一个科学项目,希望能取得好成果,1
775,我爱看纪录片,觉得很有教育意义,1
776,你觉得团队合作重要吗,我认为非常重要,0
777,我在学习如何做甜点,希望能给朋友分享美味,1
778,我喜欢去公园散步,享受自然的宁静,1
779,你有参加过什么活动吗,我比较少参加,0
780,我在学习新的舞蹈,希望能提升我的舞技,1
781,她在参加一次艺术比赛,我觉得她很有创意,1
782,你觉得写作的重要性是什么,我认为是表达思想,0
783,我在参加一个编程课程,希望能提升我的技能,1
784,我爱去博物馆,欣赏历史和艺术,1
785,你有喜欢的作家吗,我特别喜欢科幻作家,0
786,我在学习新的技能,希望能增加自己的竞争力,1
787,我最近在读一本小说,觉得故事很吸引人,1
788,你觉得社交活动能带来什么,我认为能增进友谊,0
789,我在参加一个文化活动,希望能了解更多传统,1
790,我喜欢骑自行车,享受骑行的乐趣,1
791,你有喜欢的运动队吗,我不太关注体育,0
792,我在学习如何做陶器,希望能制作出独特的作品,1
793,她在参加一次演讲训练,我觉得她很努力,1
794,你最近有什么新的兴趣,我只是在家休息,0
795,我在参加一个摄影比赛,希望能展示我的作品,1
796,我爱喝牛奶,每天都要喝,1
797,你觉得美术对孩子的重要性是什么,我认为很有益,0
798,我在尝试新的饮食,希望能改善我的生活质量,1
799,我喜欢参加各类志愿活动,帮助别人让我很快乐,1
800,你最近有看过什么书吗,我只在读电子书,0
801,我在学习如何写作,希望能提升我的文笔,1
802,他在参加一次音乐培训,我觉得他很有潜力,1
803,你觉得成功的关键是什么,我认为是努力和坚持,0
804,我在参加一个科学展览,希望能和大家分享我的成果,1
805,我喜欢去健身房,锻炼身体很重要,1
806,你有听过哪个新歌吗,我觉得旋律很好,0
807,我在学习新的乐器,希望能和朋友一起演奏,1
808,她在参加一次舞蹈表演,我觉得她很有魅力,1
809,你觉得学习的最有效方法是什么,我认为是多练习,0
810,我在尝试新的运动项目,希望能锻炼身体,1
811,我爱去音乐会,享受现场的氛围,1
812,你最近有什么兴趣爱好,我没有特别的安排,0
813,我在参加一个写作班,希望能提升我的写作技巧,1
814,我喜欢喝咖啡,每天都要喝,1
815,你有参加过什么比赛吗,我只参加过一次,0
816,我在学习如何做手工艺品,希望能制作出有趣的作品,1
817,他在参加一次科学比赛,我觉得他很有才华,1
818,你觉得团队合作的重要性是什么,我认为是相互支持,0
819,我在尝试新的健身计划,希望能看到效果,1
820,我爱去公园散步,享受大自然的美好,1
821,你有特别喜欢的电影吗,我特别喜欢纪录片,0
822,我在学习新的编程技巧,希望能用在项目中,1
823,她在参加一次演讲比赛,我觉得她很勇敢,1
824,你觉得成功最重要的是什么,我认为是不断学习,0
825,我在参加一个艺术课程,希望能提高我的艺术感觉,1
826,我喜欢去书店,总能发现新书,1
827,你有特别喜欢的食物吗,我非常喜欢中餐,0
828,我在学习新的语言,希望能流利交流,1
829,我在参加一次马拉松比赛,希望能完成挑战,1
830,你觉得旅行能带来什么,我认为能开阔视野,0
831,我在尝试新的运动,希望能找到我的兴趣,1
832,我爱喝茶,尤其是红茶,1
833,你有听过哪个新歌吗,我觉得旋律很好,0
834,我在学习如何烹饪,希望能为家人做出美食,1
835,他在参加一次演讲训练,我觉得他很有潜力,1
836,你最近有什么特别的计划,我没有什么安排,0
837,我在参加一个科学展览,希望能展示我的成果,1
838,我喜欢跑步,每天都要锻炼,1
839,你觉得学习新技能难吗,我认为只要有兴趣就不难,0
840,我在尝试新的手工艺,希望能制作出美丽的作品,1
841,我爱去健身房,保持身体健康很重要,1
842,你有喜欢的博物馆吗,我最喜欢现代艺术博物馆,0
843,我在学习如何制作糕点,希望能掌握更多技巧,1
844,她在参加一次音乐比赛,我觉得她的声音很好,1
845,你最近有什么兴趣爱好,我没有特别的爱好,0
846,我在参加一个创意写作班,希望能提高我的写作能力,1
847,我喜欢去海边,享受阳光和沙滩,1
848,你觉得生活中最重要的是什么,我认为是家庭,0
849,我在参加一次马拉松训练营,希望能提升我的耐力,1
850,我爱喝果汁,特别是苹果汁,1
851,你有参加过什么志愿活动吗,我曾经参加过几次,0
852,我在学习如何做面包,希望能掌握更多技巧,1
853,我喜欢去咖啡馆,享受安静的时光,1
854,你觉得旅行能带来什么,我认为能开阔视野,0
855,我在参加一次马拉松比赛,希望能挑战自己,1
856,我爱看书,特别是历史类书籍,1
857,你有喜欢的博物馆吗,我最喜欢自然历史博物馆,0
858,我在学习新的编程语言,希望能用在项目中,1
859,她在准备一次重要的演讲,我觉得她很有勇气,1
860,你最近有什么特别的计划,我没有什么安排,0
861,我在参加一个创意写作班,希望能提升我的写作能力,1
862,我喜欢跑步,每天都要锻炼,1
863,你觉得学习新技能难吗,我认为只要有兴趣就不难,0
864,我在尝试新的运动项目,希望能找到适合我的,1
865,我最近在学摄影,希望能拍出美丽的照片,1
866,你有参加过什么比赛吗,我只参加过一次,0
867,我在学习如何养花,希望能让家里更美丽,1
868,我爱喝茶,特别是绿茶,1
869,你有特别喜欢的食物吗,我非常喜欢意大利面,0
870,我在参加一次科学展览,希望能取得好成绩,1
871,他在学习吉他,我觉得很有才华,1
872,你觉得运动的重要性如何,我认为非常重要,0
873,我在参加一个文化交流活动,希望能了解不同文化,1
874,我喜欢去书店,发现新书总是令人兴奋,1
875,你有喜欢的运动吗,我喜欢游泳,0
876,我在学习如何画画,希望能提升我的艺术水平,1
877,她在参加一次音乐比赛,我觉得她的声音很好,1
878,你最近有看过什么电影吗,我只看了老电影,0
879,我在尝试新的手工艺,希望能制作出漂亮的作品,1
880,我爱去海边,享受阳光和沙滩,1
881,你觉得生活中最重要的是什么,我认为是家庭,0
882,我在参加一个马拉松训练营,希望能提升我的耐力,1
883,我喜欢喝果汁,特别是橙汁,1
884,你有听过那首新歌吗,我觉得很不错,0
885,我在学习新的外语,希望能流利交流,1
886,他在准备一次演讲,我觉得很有挑战,1
887,你最近有什么兴趣爱好,我没有特别的爱好,0
888,我在参加一个科学项目,希望能取得好成果,1
889,我爱看纪录片,觉得很有教育意义,1
890,你觉得团队合作重要吗,我认为非常重要,0
891,我在学习如何做甜点,希望能给朋友分享美味,1
892,我喜欢去公园散步,享受自然的宁静,1
893,你有参加过什么活动吗,我比较少参加,0
894,我在学习新的舞蹈,希望能提升我的舞技,1
895,她在参加一次艺术比赛,我觉得她很有创意,1
896,你觉得写作的重要性是什么,我认为是表达思想,0
897,我在参加一个编程课程,希望能提升我的技能,1
898,我爱去博物馆,欣赏历史和艺术,1
899,你有喜欢的作家吗,我特别喜欢科幻作家,0
900,我在学习新的技能,希望能增加自己的竞争力,1
901,我最近在读一本小说,觉得故事很吸引人,1
902,你觉得社交活动能带来什么,我认为能增进友谊,0
903,我在参加一个文化活动,希望能了解更多传统,1
904,我喜欢骑自行车,享受骑行的乐趣,1
905,你有喜欢的运动队吗,我不太关注体育,0
906,我在学习如何做陶器,希望能制作出独特的作品,1
907,她在参加一次演讲训练,我觉得她很努力,1
908,你最近有什么新的兴趣,我只是在家休息,0
909,我在参加一个摄影比赛,希望能展示我的作品,1
910,我爱喝牛奶,每天都要喝,1
911,你觉得美术对孩子的重要性是什么,我认为很有益,0
912,我在尝试新的饮食,希望能改善我的生活质量,1
913,我喜欢参加各类志愿活动,帮助别人让我很快乐,1
914,你最近有看过什么书吗,我只在读电子书,0
915,我在学习如何写作,希望能提升我的文笔,1
916,他在参加一次音乐培训,我觉得他很有潜力,1
917,你觉得成功的关键是什么,我认为是努力和坚持,0
918,我在参加一个科学展览,希望能和大家分享我的成果,1
919,我喜欢去健身房,锻炼身体很重要,1
920,你有听过哪个新歌吗,我觉得旋律很好,0
921,我在学习新的乐器,希望能和朋友一起演奏,1
922,她在参加一次舞蹈表演,我觉得她很有魅力,1
923,你觉得学习的最有效方法是什么,我认为是多练习,0
924,我在尝试新的运动项目,希望能锻炼身体,1
925,我爱去音乐会,享受现场的氛围,1
926,你最近有什么兴趣爱好,我没有特别的安排,0
927,我在参加一个写作班,希望能提升我的写作技巧,1
928,我喜欢喝咖啡,每天都要喝,1
929,你有参加过什么比赛吗,我只参加过一次,0
930,我在学习如何做手工艺品,希望能制作出有趣的作品,1
931,他在参加一次科学比赛,我觉得他很有才华,1
932,你觉得团队合作的重要性是什么,我认为是相互支持,0
933,我在尝试新的健身计划,希望能看到效果,1
934,我爱去公园散步,享受大自然的美好,1
935,你有特别喜欢的电影吗,我特别喜欢纪录片,0
936,我在学习新的编程技巧,希望能用在项目中,1
937,她在参加一次演讲比赛,我觉得她很勇敢,1
938,你觉得成功最重要的是什么,我认为是不断学习,0
939,我在参加一个艺术课程,希望能提高我的艺术感觉,1
940,我喜欢去书店,总能发现新书,1
941,你有特别喜欢的食物吗,我非常喜欢中餐,0
942,我在学习新的语言,希望能流利交流,1
943,我在参加一次马拉松比赛,希望能完成挑战,1
944,你觉得旅行能带来什么,我认为能开阔视野,0
945,我在尝试新的运动,希望能找到我的兴趣,1
946,我爱喝茶,尤其是红茶,1
947,你有听过哪个新歌吗,我觉得旋律很好,0
948,我在学习如何烹饪,希望能为家人做出美食,1
949,他在参加一次演讲训练,我觉得他很有潜力,1
950,你最近有什么特别的计划,我没有什么安排,0
951,我在参加一个科学展览,希望能展示我的成果,1
952,我喜欢跑步,每天都要锻炼,1
953,你觉得学习新技能难吗,我认为只要有兴趣就不难,0
954,我在尝试新的手工艺,希望能制作出美丽的作品,1
955,我爱去健身房,保持身体健康很重要,1
956,你有喜欢的博物馆吗,我最喜欢现代艺术博物馆,0
957,我在学习如何制作糕点,希望能掌握更多技巧,1
958,她在参加一次音乐比赛,我觉得她的声音很好,1
959,你最近有什么兴趣爱好,我没有特别的爱好,0
960,我在参加一个创意写作班,希望能提高我的写作能力,1
961,我喜欢去海边,享受阳光和沙滩,1
962,你觉得生活中最重要的是什么,我认为是家庭,0
963,我在参加一次马拉松训练营,希望能提升我的耐力,1
964,我爱喝果汁,特别是苹果汁,1
965,你有参加过什么志愿活动吗,我曾经参加过几次,0
966,我在学习如何做面包,希望能掌握更多技巧,1
967,我喜欢去咖啡馆,享受安静的时光,1
968,你觉得旅行能带来什么,我认为能开阔视野,0
969,我在参加一次马拉松比赛,希望能挑战自己,1
970,我爱看书,特别是历史类书籍,1
971,你有喜欢的博物馆吗,我最喜欢自然历史博物馆,0
972,我在学习新的编程语言,希望能用在项目中,1
973,她在准备一次重要的演讲,我觉得她很有勇气,1
974,你最近有什么特别的计划,我没有什么安排,0
975,我在参加一个创意写作班,希望能提升我的写作能力,1
976,我喜欢跑步,每天都要锻炼,1
977,你觉得学习新技能难吗,我认为只要有兴趣就不难,0
978,我在尝试新的运动项目,希望能找到适合我的,1
979,我最近在学摄影,希望能拍出美丽的照片,1
980,你有参加过什么比赛吗,我只参加过一次,0
981,我在学习如何养花,希望能让家里更美丽,1
982,我爱喝茶,特别是绿茶,1
983,你有特别喜欢的食物吗,我非常喜欢意大利面,0
984,我在参加一次科学展览,希望能取得好成绩,1
985,他在学习吉他,我觉得很有才华,1
986,你觉得运动的重要性如何,我认为非常重要,0
987,我在参加一个文化交流活动,希望能了解不同文化,1
988,我喜欢去书店,发现新书总是令人兴奋,1
989,你有喜欢的运动吗,我喜欢游泳,0
990,我在学习如何画画,希望能提升我的艺术水平,1
991,她在参加一次音乐比赛,我觉得她的声音很好,1
992,你最近有看过什么电影吗,我只看了老电影,0
993,我在尝试新的手工艺,希望能制作出漂亮的作品,1
994,我爱去海边,享受阳光和沙滩,1
995,你觉得生活中最重要的是什么,我认为是家庭,0
996,我在参加一个马拉松训练营,希望能提升我的耐力,1
997,我喜欢喝果汁,特别是橙汁,1
998,你有听过那首新歌吗,我觉得很不错,0
999,我在学习新的外语,希望能流利交流,1
1000,他在准备一次演讲,我觉得很有挑战,1
1001,你最近有什么兴趣爱好,我没有特别的爱好,0
1002,我在参加一个科学项目,希望能取得好成果,1
1003,我爱看纪录片,觉得很有教育意义,1
1004,你觉得团队合作重要吗,我认为非常重要,0
1005,我在学习如何做甜点,希望能给朋友分享美味,1
1006,我喜欢去公园散步,享受自然的宁静,1
1007,你有参加过什么活动吗,我比较少参加,0
1008,我在学习新的舞蹈,希望能提升我的舞技,1
1009,她在参加一次艺术比赛,我觉得她很有创意,1
1010,你觉得写作的重要性是什么,我认为是表达思想,0
1011,我在参加一个编程课程,希望能提升我的技能,1
1012,我爱去博物馆,欣赏历史和艺术,1
1013,你有喜欢的作家吗,我特别喜欢科幻作家,0
1014,我在学习新的技能,希望能增加自己的竞争力,1
1015,我最近在读一本小说,觉得故事很吸引人,1
1016,你觉得社交活动能带来什么,我认为能增进友谊,0
1017,我在参加一个文化活动,希望能了解更多传统,1
1018,我喜欢骑自行车,享受骑行的乐趣,1
1019,你有喜欢的运动队吗,我不太关注体育,0
1020,我在学习如何做陶器,希望能制作出独特的作品,1
1021,她在参加一次演讲训练,我觉得她很努力,1
1022,你最近有什么新的兴趣,我只是在家休息,0
1023,我在参加一个摄影比赛,希望能展示我的作品,1
1024,我爱喝牛奶,每天都要喝,1
1025,你觉得美术对孩子的重要性是什么,我认为很有益,0
1026,我在尝试新的饮食,希望能改善我的生活质量,1
1027,我喜欢参加各类志愿活动,帮助别人让我很快乐,1
1028,你最近有看过什么书吗,我只在读电子书,0
1029,我在学习如何写作,希望能提升我的文笔,1
1030,他在参加一次音乐培训,我觉得他很有潜力,1
1031,你觉得成功的关键是什么,我认为是努力和坚持,0
1032,我在参加一个科学展览,希望能和大家分享我的成果,1
1033,我喜欢去健身房,锻炼身体很重要,1
1034,你有听过哪个新歌吗,我觉得旋律很好,0
1035,我在学习新的乐器,希望能和朋友一起演奏,1
1036,她在参加一次舞蹈表演,我觉得她很有魅力,1
1037,你觉得学习的最有效方法是什么,我认为是多练习,0
1038,我在尝试新的运动项目,希望能锻炼身体,1
1039,我爱去音乐会,享受现场的氛围,1
1040,你最近有什么兴趣爱好,我没有特别的安排,0
1041,我在参加一个写作班,希望能提升我的写作技巧,1
1042,我喜欢喝咖啡,每天都要喝,1
1043,你有参加过什么比赛吗,我只参加过一次,0
1044,我在学习如何做手工艺品,希望能制作出有趣的作品,1
1045,他在参加一次科学比赛,我觉得他很有才华,1
1046,你觉得团队合作的重要性是什么,我认为是互相理解,1
1047,我在尝试新的健身计划,希望能看到效果,1
1048,我爱去公园散步,享受大自然的美好,1
1049,你有特别喜欢的电影吗,我特别喜欢纪录片,0
1050,我在学习新的编程技巧,希望能用在项目中,1
1051,她在参加一次演讲比赛,我觉得她很勇敢,1
1052,你觉得成功最重要的是什么,我认为是不断学习,0
1053,我在参加一个艺术课程,希望能提高我的艺术感觉,1
1054,我喜欢去书店,总能发现新书,1
1055,你有特别喜欢的食物吗,我非常喜欢中餐,0
1056,我在学习新的语言,希望能流利交流,1
1057,我在参加一次马拉松比赛,希望能完成挑战,1
1058,你觉得旅行能带来什么,我认为能开阔视野,0
1059,我在尝试新的运动,希望能找到我的兴趣,1
1060,我爱喝茶,尤其是红茶,1
1061,你有听过哪个新歌吗,我觉得旋律很好,0
1062,我在学习如何烹饪,希望能为家人做出美食,1
1063,他在参加一次演讲训练,我觉得他很有潜力,1
1064,你最近有什么特别的计划,我没有什么安排,0
1065,我在参加一个科学展览,希望能展示我的成果,1
1066,我喜欢跑步,每天都要锻炼,1
1067,你觉得学习新技能难吗,我认为只要有兴趣就不难,0
1068,我在尝试新的手工艺,希望能制作出美丽的作品,1
1069,我爱去健身房,保持身体健康很重要,1
1070,你有喜欢的博物馆吗,我最喜欢现代艺术博物馆,0
1071,我在学习如何制作糕点,希望能掌握更多技巧,1
1072,她在参加一次音乐比赛,我觉得她的声音很好,1
1073,你最近有什么兴趣爱好,我没有特别的爱好,0
1074,我在参加一个创意写作班,希望能提高我的写作能力,1
1075,我喜欢去海边,享受阳光和沙滩,1
1076,你觉得生活中最重要的是什么,我认为是家庭,0
1077,我在参加一次马拉松训练营,希望能提升我的耐力,1
1078,我爱喝果汁,特别是苹果汁,1
1079,你有参加过什么志愿活动吗,我曾经参加过几次,0
1080,我在学习如何做面包,希望能掌握更多技巧,1
1081,我喜欢去咖啡馆,享受安静的时光,1
1082,你觉得旅行能带来什么,我认为能开阔视野,0
1083,我在参加一次马拉松比赛,希望能挑战自己,1
1084,我爱看书,特别是历史类书籍,1
1085,你有喜欢的博物馆吗,我最喜欢自然历史博物馆,0
1086,我在学习新的编程语言,希望能用在项目中,1
1087,她在准备一次重要的演讲,我觉得她很有勇气,1
1088,你最近有什么特别的计划,我没有什么安排,0
1089,我在参加一个创意写作班,希望能提升我的写作能力,1
1090,我喜欢跑步,每天都要锻炼,1
1091,你觉得学习新技能难吗,我认为只要有兴趣就不难,0
1092,我在尝试新的运动项目,希望能找到适合我的,1
1093,我最近在学摄影,希望能拍出美丽的照片,1
1094,你有参加过什么比赛吗,我只参加过一次,0
1095,我在学习如何养花,希望能让家里更美丽,1
1096,我爱喝茶,特别是绿茶,1
1097,你有特别喜欢的食物吗,我非常喜欢意大利面,0
1098,我在参加一次科学展览,希望能取得好成绩,1
1099,他在学习吉他,我觉得很有才华,1
1100,你觉得运动的重要性如何,我认为非常重要,0
1101,我在参加一个文化交流活动,希望能了解不同文化,1
1102,我喜欢去书店,发现新书总是令人兴奋,1
1103,你有喜欢的运动吗,我喜欢游泳,0
1104,我在学习如何画画,希望能提升我的艺术水平,1
1105,她在参加一次音乐比赛,我觉得她的声音很好,1
1106,你最近有看过什么电影吗,我只看了老电影,0
1107,我在尝试新的手工艺,希望能制作出漂亮的作品,1
1108,我爱去海边,享受阳光和沙滩,1
1109,你觉得生活中最重要的是什么,我认为是家庭,0
1110,我在参加一个马拉松训练营,希望能提升我的耐力,1
1111,我喜欢喝果汁,特别是橙汁,1
1112,你有听过那首新歌吗,我觉得很不错,0
1113,我在学习新的外语,希望能流利交流,1
1114,他在准备一次演讲,我觉得很有挑战,1
1115,你最近有什么兴趣爱好,我没有特别的爱好,0
1116,我在参加一个科学项目,希望能取得好成果,1
1117,我爱看纪录片,觉得很有教育意义,1
1118,你觉得团队合作重要吗,我认为非常重要,0
1119,我在学习如何做甜点,希望能给朋友分享美味,1
1120,我喜欢去公园散步,享受自然的宁静,1
1121,你有参加过什么活动吗,我比较少参加,0
1122,我在学习新的舞蹈,希望能提升我的舞技,1
1123,她在参加一次艺术比赛,我觉得她很有创意,1
1124,你觉得写作的重要性是什么,我认为是表达思想,0
1125,我在参加一个编程课程,希望能提升我的技能,1
1126,我爱去博物馆,欣赏历史和艺术,1
1127,你有喜欢的作家吗,我特别喜欢科幻作家,0
1128,我在学习新的技能,希望能增加自己的竞争力,1
1129,我最近在读一本小说,觉得故事很吸引人,1
1130,你觉得社交活动能带来什么,我认为能增进友谊,0
1131,我在参加一个文化活动,希望能了解更多传统,1
1132,我喜欢骑自行车,享受骑行的乐趣,1
1133,你有喜欢的运动队吗,我不太关注体育,0
1134,我在学习如何做陶器,希望能制作出独特的作品,1
1135,她在参加一次演讲训练,我觉得她很努力,1
1136,你最近有什么新的兴趣,我只是在家休息,0
1137,我在参加一个摄影比赛,希望能展示我的作品,1
1138,我爱喝牛奶,每天都要喝,1
1139,你觉得美术对孩子的重要性是什么,我认为很有益,0
1140,我在尝试新的饮食,希望能改善我的生活质量,1
1141,我喜欢参加各类志愿活动,帮助别人让我很快乐,1
1142,你最近有看过什么书吗,我只在读电子书,0
1143,我在学习如何写作,希望能提升我的文笔,1
1144,他在参加一次音乐培训,我觉得他很有潜力,1
1145,你觉得成功的关键是什么,我认为是努力和坚持,0
1146,我在参加一个科学展览,希望能和大家分享我的成果,1
1147,我喜欢去健身房,锻炼身体很重要,1
1148,你有听过哪个新歌吗,我觉得旋律很好,0
1149,我在学习新的乐器,希望能和朋友一起演奏,1
1150,她在参加一次舞蹈表演,我觉得她很有魅力,1
1151,你觉得学习的最有效方法是什么,我认为是多练习,0
1152,我在尝试新的运动项目,希望能锻炼身体,1
1153,我爱去音乐会,享受现场的氛围,1
1154,你最近有什么兴趣爱好,我没有特别的安排,0
1155,我在参加一个写作班,希望能提升我的写作技巧,1
1156,我喜欢喝咖啡,每天都要喝,1
1157,你有参加过什么比赛吗,我只参加过一次,0
1158,我在学习如何做手工艺品,希望能制作出有趣的作品,1
1159,他在参加一次科学比赛,我觉得他很有才华,1
1160,你觉得团队合作的重要性是什么,我认为是相互支持,0
1161,我在尝试新的健身计划,希望能看到效果,1
1162,我爱去公园散步,享受大自然的美好,1
1163,你有特别喜欢的电影吗,我特别喜欢纪录片,0
1164,我在学习新的编程技巧,希望能用在项目中,1
1165,她在参加一次演讲比赛,我觉得她很勇敢,1
1166,你觉得成功最重要的是什么,我认为是不断学习,0
1167,我在参加一个艺术课程,希望能提高我的艺术感觉,1
1168,我喜欢去书店,总能发现新书,1
1169,你有特别喜欢的食物吗,我非常喜欢中餐,0
1170,我在学习新的语言,希望能流利交流,1
1171,我在参加一次马拉松比赛,希望能完成挑战,1
1172,你觉得旅行能带来什么,我认为能开阔视野,0
1173,我在尝试新的运动,希望能找到我的兴趣,1
1174,我爱喝茶,尤其是红茶,1
1175,你有听过哪个新歌吗,我觉得旋律很好,0
1176,我在学习如何烹饪,希望能为家人做出美食,1
1177,他在参加一次演讲训练,我觉得他很有潜力,1
1178,你最近有什么特别的计划,我没有什么安排,0
1179,我在参加一个科学展览,希望能展示我的成果,1
1180,我喜欢跑步,每天都要锻炼,1
1181,你觉得学习新技能难吗,我认为只要有兴趣就不难,0
1182,我在尝试新的手工艺,希望能制作出美丽的作品,1
1183,我爱去健身房,保持身体健康很重要,1
1184,你有喜欢的博物馆吗,我最喜欢现代艺术博物馆,0
1185,我在学习如何制作糕点,希望能掌握更多技巧,1
1186,她在参加一次音乐比赛,我觉得她的声音很好,1
1187,你最近有什么兴趣爱好,我没有特别的爱好,0
1188,我在参加一个创意写作班,希望能提高我的写作能力,1
1189,我喜欢去海边,享受阳光和沙滩,1
1190,你觉得生活中最重要的是什么,我认为是家庭,0
1191,我在参加一次马拉松训练营,希望能提升我的耐力,1
1192,我爱喝果汁,特别是苹果汁,1
1193,你有参加过什么志愿活动吗,我曾经参加过几次,0
1194,我在学习如何做面包,希望能掌握更多技巧,1
1195,我喜欢去咖啡馆,享受安静的时光,1
1196,你觉得旅行能带来什么,我认为能开阔视野,0
1197,我在参加一次马拉松比赛,希望能挑战自己,1
1198,我爱看书,特别是历史类书籍,1
1199,你有喜欢的博物馆吗,我最喜欢自然历史博物馆,0
1200,我在学习新的编程语言,希望能用在项目中,1
1201,她在准备一次重要的演讲,我觉得她很有勇气,1
1202,你最近有什么特别的计划,我没有什么安排,0
1203,我在参加一个创意写作班,希望能提升我的写作能力,1
1204,我喜欢跑步,每天都要锻炼,1
1205,你觉得学习新技能难吗,我认为只要有兴趣就不难,0
1206,我在尝试新的运动项目,希望能找到适合我的,1
1207,我最近在学摄影,希望能拍出美丽的照片,1
1208,你有参加过什么比赛吗,我只参加过一次,0
1209,我在学习如何养花,希望能让家里更美丽,1
1210,我爱喝茶,特别是绿茶,1
1211,你有特别喜欢的食物吗,我非常喜欢意大利面,0
1212,我在参加一次科学展览,希望能取得好成绩,1
1213,他在学习吉他,我觉得很有才华,1
1214,你觉得运动的重要性如何,我认为非常重要,0
1215,我在参加一个文化交流活动,希望能了解不同文化,1
1216,我喜欢去书店,发现新书总是令人兴奋,1
1217,你有喜欢的运动吗,我喜欢游泳,0
1218,我在学习如何画画,希望能提升我的艺术水平,1
1219,她在参加一次音乐比赛,我觉得她的声音很好,1
1220,你最近有看过什么电影吗,我只看了老电影,0
1221,我在尝试新的手工艺,希望能制作出漂亮的作品,1
1222,我爱去海边,享受阳光和沙滩,1
1223,你觉得生活中最重要的是什么,我认为是家庭,0
1224,我在参加一个马拉松训练营,希望能提升我的耐力,1
1225,我喜欢喝果汁,特别是橙汁,1
1226,你有听过那首新歌吗,我觉得很不错,0
1227,我在学习新的外语,希望能流利交流,1
1228,他在准备一次演讲,我觉得很有挑战,1
1229,你最近有什么兴趣爱好,我没有特别的爱好,0
1230,我在参加一个科学项目,希望能取得好成果,1
1231,我爱看纪录片,觉得很有教育意义,1
1232,你觉得团队合作重要吗,我认为非常重要,0
1233,我在学习如何做甜点,希望能给朋友分享美味,1
1234,我喜欢去公园散步,享受自然的宁静,1
1235,你有参加过什么活动吗,我比较少参加,0
1236,我在学习新的舞蹈,希望能提升我的舞技,1
1237,她在参加一次艺术比赛,我觉得她很有创意,1
1238,你觉得写作的重要性是什么,我认为是表达思想,0
1239,我在参加一个编程课程,希望能提升我的技能,1
1240,我爱去博物馆,欣赏历史和艺术,1
1241,你有喜欢的作家吗,我特别喜欢科幻作家,0
1242,我在学习新的技能,希望能增加自己的竞争力,1
1243,我最近在读一本小说,觉得故事很吸引人,1
1244,你觉得社交活动能带来什么,我认为能增进友谊,0
1245,我在参加一个文化活动,希望能了解更多传统,1
1246,我喜欢骑自行车,享受骑行的乐趣,1
1247,你有喜欢的运动队吗,我不太关注体育,0
1248,我在学习如何做陶器,希望能制作出独特的作品,1
1249,她在参加一次演讲训练,我觉得她很努力,1
1250,你最近有什么新的兴趣,我只是在家休息,0
1251,我在参加一个摄影比赛,希望能展示我的作品,1
1252,我爱喝牛奶,每天都要喝,1
1253,你觉得美术对孩子的重要性是什么,我认为很有益,0
1254,我在尝试新的饮食,希望能改善我的生活质量,1
1255,我喜欢参加各类志愿活动,帮助别人让我很快乐,1
1256,你最近有看过什么书吗,我只在读电子书,0
1257,我在学习如何写作,希望能提升我的文笔,1
1258,他在参加一次音乐培训,我觉得他很有潜力,1
1259,你觉得成功的关键是什么,我认为是努力和坚持,0
1260,我在参加一个科学展览,希望能和大家分享我的成果,1
1261,我喜欢去健身房,锻炼身体很重要,1
1262,你有听过哪个新歌吗,我觉得旋律很好,0
1263,我在学习新的乐器,希望能和朋友一起演奏,1
1264,她在参加一次舞蹈表演,我觉得她很有魅力,1
1265,你觉得学习的最有效方法是什么,我认为是多练习,0
1266,我在尝试新的运动项目,希望能锻炼身体,1
1267,我爱去音乐会,享受现场的氛围,1
1268,你最近有什么兴趣爱好,我没有特别的安排,0
1269,我在参加一个写作班,希望能提升我的写作技巧,1
1270,我喜欢喝咖啡,每天都要喝,1
1271,你有参加过什么比赛吗,我只参加过一次,0
1272,我在学习如何做手工艺品,希望能制作出有趣的作品,1
1273,他在参加一次科学比赛,我觉得他很有才华,1
1274,你觉得团队合作的重要性是什么,我认为是相互支持,0
1275,我在尝试新的健身计划,希望能看到效果,1
1276,我爱去公园散步,享受大自然的美好,1
1277,你有特别喜欢的电影吗,我特别喜欢纪录片,0
1278,我在学习新的编程技巧,希望能用在项目中,1
1279,她在参加一次演讲比赛,我觉得她很勇敢,1
1280,你觉得成功最重要的是什么,我认为是不断学习,0
1281,我在参加一个艺术课程,希望能提高我的艺术感觉,1
1282,我喜欢去书店,总能发现新书,1
1283,你有特别喜欢的食物吗,我非常喜欢中餐,0
1284,我在学习新的语言,希望能流利交流,1
1285,我在参加一次马拉松比赛,希望能完成挑战,1
1286,你觉得旅行能带来什么,我认为能开阔视野,0
1287,我在尝试新的运动,希望能找到我的兴趣,1
1288,我爱喝茶,尤其是红茶,1
1289,你有听过哪个新歌吗,我觉得旋律很好,0
1290,我在学习如何烹饪,希望能为家人做出美食,1
1291,他在参加一次演讲训练,我觉得他很有潜力,1
1292,你最近有什么特别的计划,我没有什么安排,0
1293,我在参加一个科学展览,希望能展示我的成果,1
1294,我喜欢跑步,每天都要锻炼,1
1295,你觉得学习新技能难吗,我认为只要有兴趣就不难,0
1296,我在尝试新的手工艺,希望能制作出美丽的作品,1
1297,我爱去健身房,保持身体健康很重要,1
1298,你有喜欢的博物馆吗,我最喜欢现代艺术博物馆,0
1299,我在学习如何制作糕点,希望能掌握更多技巧,1
1300,她在参加一次音乐比赛,我觉得她的声音很好,1
1301,你最近有什么兴趣爱好,我没有特别的爱好,0
1302,我在参加一个创意写作班,希望能提高我的写作能力,1
1303,我喜欢去海边,享受阳光和沙滩,1
1304,你觉得生活中最重要的是什么,我认为是家庭,0
1305,我在参加一次马拉松训练营,希望能提升我的耐力,1
1306,我爱喝果汁,特别是苹果汁,1
1307,你有参加过什么志愿活动吗,我曾经参加过几次,0
1308,我在学习如何做面包,希望能掌握更多技巧,1
1309,我喜欢去咖啡馆,享受安静的时光,1
1310,你觉得旅行能带来什么,我认为能开阔视野,0
1311,我在参加一次马拉松比赛,希望能挑战自己,1
1312,我爱看书,特别是历史类书籍,1
1313,你有喜欢的博物馆吗,我最喜欢自然历史博物馆,0
1314,我在学习新的编程语言,希望能用在项目中,1
1315,她在准备一次重要的演讲,我觉得她很有勇气,1
1316,你最近有什么特别的计划,我没有什么安排,0
1317,我在参加一个创意写作班,希望能提升我的写作能力,1
1318,我喜欢跑步,每天都要锻炼,1
1319,你觉得学习新技能难吗,我认为只要有兴趣就不难,0
1320,我在尝试新的运动项目,希望能找到适合我的,1
1321,我最近在学摄影,希望能拍出美丽的照片,1
1322,你有参加过什么比赛吗,我只参加过一次,0
1323,我在学习如何养花,希望能让家里更美丽,1
1324,我爱喝茶,特别是绿茶,1
1325,你有特别喜欢的食物吗,我非常喜欢意大利面,0
1326,我在参加一次科学展览,希望能取得好成绩,1
1327,他在学习吉他,我觉得很有才华,1
1328,你觉得运动的重要性如何,我认为非常重要,0
1329,我在参加一个文化交流活动,希望能了解不同文化,1
1330,我喜欢去书店,发现新书总是令人兴奋,1
1331,你有喜欢的运动吗,我喜欢游泳,0
1332,我在学习如何画画,希望能提升我的艺术水平,1
1333,她在参加一次音乐比赛,我觉得她的声音很好,1
1334,你最近有看过什么电影吗,我只看了老电影,0
1335,我在尝试新的手工艺,希望能制作出漂亮的作品,1
1336,我爱去海边,享受阳光和沙滩,1
1337,你觉得生活中最重要的是什么,我认为是家庭,0
1338,我在参加一个马拉松训练营,希望能提升我的耐力,1
1339,我喜欢喝果汁,特别是橙汁,1
1340,你有听过那首新歌吗,我觉得很不错,0
1341,我在学习新的外语,希望能流利交流,1
1342,他在准备一次演讲,我觉得很有挑战,1
1343,你最近有什么兴趣爱好,我没有特别的爱好,0
1344,我在参加一个科学项目,希望能取得好成果,1
1345,我爱看纪录片,觉得很有教育意义,1
1346,你觉得团队合作重要吗,我认为非常重要,0
1347,我在学习如何做甜点,希望能给朋友分享美味,1
1348,我喜欢去公园散步,享受自然的宁静,1
1349,你有参加过什么活动吗,我比较少参加,0
1350,我在学习新的舞蹈,希望能提升我的舞技,1
1351,她在参加一次艺术比赛,我觉得她很有创意,1
1352,你觉得写作的重要性是什么,我认为是表达思想,0
1353,我在参加一个编程课程,希望能提升我的技能,1
1354,我爱去博物馆,欣赏历史和艺术,1
1355,你有喜欢的作家吗,我特别喜欢科幻作家,0
1356,我在学习新的技能,希望能增加自己的竞争力,1
1357,我最近在读一本小说,觉得故事很吸引人,1
1358,你觉得社交活动能带来什么,我认为能增进友谊,0
1359,我在参加一个文化活动,希望能了解更多传统,1
1360,我喜欢骑自行车,享受骑行的乐趣,1
1361,你有喜欢的运动队吗,我不太关注体育,0
1362,我在学习如何做陶器,希望能制作出独特的作品,1
1363,她在参加一次演讲训练,我觉得她很努力,1
1364,你最近有什么新的兴趣,我只是在家休息,0
1365,我在参加一个摄影比赛,希望能展示我的作品,1
1366,我爱喝牛奶,每天都要喝,1
1367,你觉得美术对孩子的重要性是什么,我认为很有益,0
1368,我在尝试新的饮食,希望能改善我的生活质量,1
1369,我喜欢参加各类志愿活动,帮助别人让我很快乐,1
1370,你最近有看过什么书吗,我只在读电子书,0
1371,我在学习如何写作,希望能提升我的文笔,1
1372,他在参加一次音乐培训,我觉得他很有潜力,1
1373,你觉得成功的关键是什么,我认为是努力和坚持,0
1374,我在参加一个科学展览,希望能和大家分享我的成果,1
1375,我喜欢去健身房,锻炼身体很重要,1
1376,你有听过哪个新歌吗,我觉得旋律很好,0
1377,我在学习新的乐器,希望能和朋友一起演奏,1
1378,她在参加一次舞蹈表演,我觉得她很有魅力,1
1379,你觉得学习的最有效方法是什么,我认为是多练习,0
1380,我在尝试新的运动项目,希望能锻炼身体,1
1381,我爱去音乐会,享受现场的氛围,1
1382,你最近有什么兴趣爱好,我没有特别的安排,0
1383,我在参加一个写作班,希望能提升我的写作技巧,1
1384,我喜欢喝咖啡,每天都要喝,1
1385,你有参加过什么比赛吗,我只参加过一次,0
1386,我在学习如何做手工艺品,希望能制作出有趣的作品,1
1387,他在参加一次科学比赛,我觉得他很有才华,1
1388,你觉得团队合作的重要性是什么,我认为是相互支持,0
1389,我在尝试新的健身计划,希望能看到效果,1
1390,我爱去公园散步,享受大自然的美好,1
1391,你有特别喜欢的电影吗,我特别喜欢纪录片,0
1392,我在学习新的编程技巧,希望能用在项目中,1
1393,她在参加一次演讲比赛,我觉得她很勇敢,1
1394,你觉得成功最重要的是什么,我认为是不断学习,0
1395,我在参加一个艺术课程,希望能提高我的艺术感觉,1
1396,我喜欢去书店,总能发现新书,1
1397,你有特别喜欢的食物吗,我非常喜欢中餐,0
1398,我在学习新的语言,希望能流利交流,1
1399,我在参加一次马拉松比赛,希望能完成挑战,1
1400,你觉得旅行能带来什么,我认为能开阔视野,0
1401,我在尝试新的运动,希望能找到我的兴趣,1
1402,我爱喝茶,尤其是红茶,1
1403,你有听过哪个新歌吗,我觉得旋律很好,0
1404,我在学习如何烹饪,希望能为家人做出美食,1
1405,他在参加一次演讲训练,我觉得他很有潜力,1
1406,你最近有什么特别的计划,我没有什么安排,0
1407,我在参加一个科学展览,希望能展示我的成果,1
1408,我喜欢跑步,每天都要锻炼,1
1409,你觉得学习新技能难吗,我认为只要有兴趣就不难,0
1410,我在尝试新的手工艺,希望能制作出美丽的作品,1
1411,我爱去健身房,保持身体健康很重要,1
1412,你有喜欢的博物馆吗,我最喜欢现代艺术博物馆,0
1413,我在学习如何制作糕点,希望能掌握更多技巧,1
1414,她在参加一次音乐比赛,我觉得她的声音很好,1
1415,你最近有什么兴趣爱好,我没有特别的爱好,0
1416,我在参加一个创意写作班,希望能提高我的写作能力,1
1417,我喜欢去海边,享受阳光和沙滩,1
1418,你觉得生活中最重要的是什么,我认为是家庭,0
1419,我在参加一次马拉松训练营,希望能提升我的耐力,1
1420,我爱喝果汁,特别是苹果汁,1
1421,你有参加过什么志愿活动吗,我曾经参加过几次,0
1422,我在学习如何做面包,希望能掌握更多技巧,1
1423,我喜欢去咖啡馆,享受安静的时光,1
1424,你觉得旅行能带来什么,我认为能开阔视野,0
1425,我在参加一次马拉松比赛,希望能挑战自己,1
1426,我爱看书,特别是历史类书籍,1
1427,你有喜欢的博物馆吗,我最喜欢自然历史博物馆,0
1428,我在学习新的编程语言,希望能用在项目中,1
1429,她在准备一次重要的演讲,我觉得她很有勇气,1
1430,你最近有什么特别的计划,我没有什么安排,0
1431,我在参加一个创意写作班,希望能提升我的写作能力,1
1432,我喜欢跑步,每天都要锻炼,1
1433,你觉得学习新技能难吗,我认为只要有兴趣就不难,0
1434,我在尝试新的运动项目,希望能找到适合我的,1
1435,我最近在学摄影,希望能拍出美丽的照片,1
1436,你有参加过什么比赛吗,我只参加过一次,0
1437,我在学习如何养花,希望能让家里更美丽,1
1438,我爱喝茶,特别是绿茶,1
1439,你有特别喜欢的食物吗,我非常喜欢意大利面,0
1440,我在参加一次科学展览,希望能取得好成绩,1
1441,他在学习吉他,我觉得很有才华,1
1442,你觉得运动的重要性如何,我认为非常重要,0
1443,我在参加一个文化交流活动,希望能了解不同文化,1
1444,我喜欢去书店,发现新书总是令人兴奋,1
1445,你有喜欢的运动吗,我喜欢游泳,0
1446,我在学习如何画画,希望能提升我的艺术水平,1
1447,她在参加一次音乐比赛,我觉得她的声音很好,1
1448,你最近有看过什么电影吗,我只看了老电影,0
1449,我在尝试新的手工艺,希望能制作出漂亮的作品,1
1450,我爱去海边,享受阳光和沙滩,1
1451,你觉得生活中最重要的是什么,我认为是家庭,0
1452,我在参加一个马拉松训练营,希望能提升我的耐力,1
1453,我喜欢喝果汁,特别是橙汁,1
1454,你有听过那首新歌吗,我觉得很不错,0
1455,我在学习新的外语,希望能流利交流,1
1456,他在准备一次演讲,我觉得很有挑战,1
1457,你最近有什么兴趣爱好,我没有特别的爱好,0
1458,我在参加一个科学项目,希望能取得好成果,1
1459,我爱看纪录片,觉得很有教育意义,1
1460,你觉得团队合作重要吗,我认为非常重要,0
1461,我在学习如何做甜点,希望能给朋友分享美味,1
1462,我喜欢去公园散步,享受自然的宁静,1
1463,你有参加过什么活动吗,我比较少参加,0
1464,我在学习新的舞蹈,希望能提升我的舞技,1
1465,她在参加一次艺术比赛,我觉得她很有创意,1
1466,你觉得写作的重要性是什么,我认为是表达思想,0
1467,我在参加一个编程课程,希望能提升我的技能,1
1468,我爱去博物馆,欣赏历史和艺术,1
1469,你有喜欢的作家吗,我特别喜欢科幻作家,0
1470,我在学习新的技能,希望能增加自己的竞争力,1
1471,我最近在读一本小说,觉得故事很吸引人,1
1472,你觉得社交活动能带来什么,我认为能增进友谊,0
1473,我在参加一个文化活动,希望能了解更多传统,1
1474,我喜欢骑自行车,享受骑行的乐趣,1
1475,你有喜欢的运动队吗,我不太关注体育,0
1476,我在学习如何做陶器,希望能制作出独特的作品,1
1477,她在参加一次演讲训练,我觉得她很努力,1
1478,你最近有什么新的兴趣,我只是在家休息,0
1479,我在参加一个摄影比赛,希望能展示我的作品,1
1480,我爱喝牛奶,每天都要喝,1
1481,你觉得美术对孩子的重要性是什么,我认为很有益,0
1482,我在尝试新的饮食,希望能改善我的生活质量,1
1483,我喜欢参加各类志愿活动,帮助别人让我很快乐,1
1484,你最近有看过什么书吗,我只在读电子书,0
1485,我在学习如何写作,希望能提升我的文笔,1
1486,他在参加一次音乐培训,我觉得他很有潜力,1
1487,你觉得成功的关键是什么,我认为是努力和坚持,0
1488,我在参加一个科学展览,希望能和大家分享我的成果,1
1489,我喜欢去健身房,锻炼身体很重要,1
1490,你有听过哪个新歌吗,我觉得旋律很好,0
1491,我在学习新的乐器,希望能和朋友一起演奏,1
1492,她在参加一次舞蹈表演,我觉得她很有魅力,1
1493,你觉得学习的最有效方法是什么,我认为是多练习,0
1494,我在尝试新的运动项目,希望能锻炼身体,1
1495,我爱去音乐会,享受现场的氛围,1
1496,你最近有什么兴趣爱好,我没有特别的安排,0
1497,我在参加一个写作班,希望能提升我的写作技巧,1
1498,我喜欢喝咖啡,每天都要喝,1
1499,你有参加过什么比赛吗,我只参加过一次,0
1500,我在学习如何做手工艺品,希望能制作出有趣的作品,1
1501,他在参加一次科学比赛,我觉得他很有才华,1
1502,你觉得团队合作的重要性是什么,我认为是相互支持,0
1503,我在尝试新的健身计划,希望能看到效果,1
1504,我爱去公园散步,享受大自然的美好,1
1505,你有特别喜欢的电影吗,我特别喜欢纪录片,0
1506,我在学习新的编程技巧,希望能用在项目中,1
1507,她在参加一次演讲比赛,我觉得她很勇敢,1
1508,你觉得成功最重要的是什么,我认为是不断学习,0
1509,我在参加一个艺术课程,希望能提高我的艺术感觉,1
1510,我喜欢去书店,总能发现新书,1
1511,你有特别喜欢的食物吗,我非常喜欢中餐,0
1512,我在学习新的语言,希望能流利交流,1
1513,我在参加一次马拉松比赛,希望能完成挑战,1
1514,你觉得旅行能带来什么,我认为能开阔视野,0
1515,我在尝试新的运动,希望能找到我的兴趣,1
1516,我爱喝茶,尤其是红茶,1
1517,你有听过哪个新歌吗,我觉得旋律很好,0
1518,我在学习如何烹饪,希望能为家人做出美食,1
1519,他在参加一次演讲训练,我觉得他很有潜力,1
1520,你最近有什么特别的计划,我没有什么安排,0
1521,我在参加一个科学展览,希望能展示我的成果,1
1522,我喜欢跑步,每天都要锻炼,1
1523,你觉得学习新技能难吗,我认为只要有兴趣就不难,0
1524,我在尝试新的手工艺,希望能制作出美丽的作品,1
1525,我爱去健身房,保持身体健康很重要,1
1526,你有喜欢的博物馆吗,我最喜欢现代艺术博物馆,0
1527,我在学习如何制作糕点,希望能掌握更多技巧,1
1528,她在参加一次音乐比赛,我觉得她的声音很好,1
1529,你最近有什么兴趣爱好,我没有特别的爱好,0
1530,我在参加一个创意写作班,希望能提高我的写作能力,1
1531,我喜欢去海边,享受阳光和沙滩,1
1532,你觉得生活中最重要的是什么,我认为是家庭,0
1533,我在参加一次马拉松训练营,希望能提升我的耐力,1
1534,我爱喝果汁,特别是苹果汁,1
1535,你有参加过什么志愿活动吗,我曾经参加过几次,0
1536,我在学习如何做面包,希望能掌握更多技巧,1
1537,我喜欢去咖啡馆,享受安静的时光,1
1538,你觉得旅行能带来什么,我认为能开阔视野,0
1539,我在参加一次马拉松比赛,希望能挑战自己,1
1540,我爱看书,特别是历史类书籍,1
1541,你有喜欢的博物馆吗,我最喜欢自然历史博物馆,0
1542,我在学习新的编程语言,希望能用在项目中,1
1543,她在准备一次重要的演讲,我觉得她很有勇气,1
1544,你最近有什么特别的计划,我没有什么安排,0
1545,我在参加一个创意写作班,希望能提升我的写作能力,1
1546,我喜欢跑步,每天都要锻炼,1
1547,你觉得学习新技能难吗,我认为只要有兴趣就不难,0
1548,我在尝试新的运动项目,希望能找到适合我的,1
1549,我最近在学摄影,希望能拍出美丽的照片,1
1550,你有参加过什么比赛吗,我只参加过一次,0
1551,我在学习如何养花,希望能让家里更美丽,1
1552,我爱喝茶,特别是绿茶,1
1553,你有特别喜欢的食物吗,我非常喜欢意大利面,0
1554,我在参加一次科学展览,希望能取得好成绩,1
1555,他在学习吉他,我觉得很有才华,1
1556,你觉得运动的重要性如何,我认为非常重要,0
1557,我在参加一个文化交流活动,希望能了解不同文化,1
1558,我喜欢去书店,发现新书总是令人兴奋,1
1559,你有喜欢的运动吗,我喜欢游泳,0
1560,我在学习如何画画,希望能提升我的艺术水平,1
1561,她在参加一次音乐比赛,我觉得她的声音很好,1
1562,你最近有看过什么电影吗,我只看了老电影,0
1563,我在尝试新的手工艺,希望能制作出漂亮的作品,1
1564,我爱去海边,享受阳光和沙滩,1
1565,你觉得生活中最重要的是什么,我认为是家庭,0
1566,我在参加一个马拉松训练营,希望能提升我的耐力,1
1567,我喜欢喝果汁,特别是橙汁,1
